distance_km,traffic,weather,vehicle,package_weight_kg,time_of_day,delayed
38.704931647041526,Low,Clear,Truck,18.976509373857755,Morning,0
95.17000202817178,Medium,Clear,Bike,8.714886503362793,Evening,1
73.7354062975177,High,Rainy,Bike,25.66296886225245,Evening,1
60.66853145130959,Medium,Clear,Truck,27.88731341627107,Afternoon,1
17.28982676335878,High,Clear,Van,29.893749663532134,Evening,1
17.28746299294786,Medium,Cloudy,Truck,23.98221837160486,Afternoon,0
7.692193992483547,Medium,Clear,Truck,22.735155077626136,Evening,0
86.88526228594365,High,Cloudy,Van,6.857272386592756,Morning,1
60.90927115083446,Low,Clear,Truck,10.412208240208209,Morning,0
71.39111262401246,Medium,Clear,Truck,14.237634981987245,Evening,1
4.01728044098864,Low,Clear,Truck,23.314740909576365,Evening,0
97.05116551187544,High,Clear,Van,27.491493019800075,Morning,1
83.57937879844133,High,Rainy,Bike,6.0796034506780465,Evening,1
22.809232846471062,Low,Clear,Bike,27.709840797768035,Afternoon,0
19.81884678629586,Medium,Cloudy,Van,21.02092724444471,Afternoon,1
19.973641965636514,High,Clear,Bike,18.51773655520864,Afternoon,0
31.815739810034696,Low,Clear,Truck,6.395317502817216,Afternoon,0
53.42613029995931,Medium,Rainy,Bike,2.1379884678699415,Afternoon,0
44.330611826927345,High,Clear,Truck,17.269714505984226,Evening,1
30.540455739408106,Low,Cloudy,Bike,19.719712658202326,Evening,0
61.96158368279319,Medium,Rainy,Van,6.718052755963303,Afternoon,1
15.6703983439001,Low,Cloudy,Bike,16.915458071850964,Evening,0
30.63017555645138,High,Rainy,Bike,25.76655538149592,Evening,1
37.90346064278179,High,Clear,Bike,25.13444539092309,Afternoon,1
46.69485845326952,High,Clear,Van,27.85697782729577,Evening,1
78.94724421651533,Medium,Clear,Bike,11.293631381927973,Evening,1
21.568030651519255,High,Cloudy,Van,9.882462390252101,Evening,1
52.39497496453394,High,Rainy,Truck,22.608067176433856,Afternoon,1
60.05662774848016,Medium,Clear,Bike,13.217815950361647,Evening,1
6.552140446559777,High,Cloudy,Van,3.082685588819528,Morning,1
61.53939548634096,Low,Clear,Van,8.842633354779743,Morning,1
18.71136412135457,Medium,Cloudy,Bike,12.84817742317893,Afternoon,0
8.375056112557392,Low,Clear,Truck,9.129234551549434,Morning,0
94.99078265082666,Low,Rainy,Van,10.300064342945987,Afternoon,1
96.63193924130681,Low,Cloudy,Bike,9.166389232144528,Morning,1
81.2229401154132,Medium,Clear,Truck,1.7242254319008437,Morning,1
31.852149378990326,Medium,Clear,Van,19.294293674321054,Morning,0
11.57186717262562,Medium,Clear,Van,18.120126400427345,Afternoon,0
69.05483659819137,Low,Clear,Truck,19.774813205121077,Afternoon,1
45.134944386480925,Medium,Clear,Truck,6.17314193299201,Evening,0
13.959747014788325,Medium,Rainy,Bike,9.221808977568315,Afternoon,0
50.527337190904476,High,Cloudy,Bike,18.778669844875207,Morning,1
5.370075069291403,Medium,Cloudy,Van,18.18901326956768,Morning,0
91.11339940372065,Medium,Clear,Truck,15.4367441259509,Afternoon,0
27.36043819680166,High,Rainy,Truck,10.837190875300823,Afternoon,1
66.92718386669023,Medium,Cloudy,Truck,27.431464640853353,Afternoon,1
32.547685456762274,Low,Clear,Van,10.523222147815892,Evening,0
52.96666607542546,Low,Cloudy,Truck,13.940765114898921,Morning,0
55.577607375641406,High,Cloudy,Truck,20.504358013149158,Evening,1
20.11573664150165,Low,Clear,Van,16.51913221056954,Evening,0
97.01929352092674,High,Clear,Bike,10.733136302749374,Morning,1
77.96301668938922,Medium,Clear,Bike,13.35152131846704,Morning,0
94.07089627329053,High,Clear,Van,23.93718412667843,Afternoon,1
89.69308034190958,High,Rainy,Truck,8.704810086855067,Afternoon,1
60.59419792348634,High,Rainy,Van,4.696529573416055,Evening,1
92.34367503226545,Medium,Cloudy,Bike,9.738314453978424,Afternoon,0
10.672265201088111,High,Clear,Bike,25.56125935689309,Afternoon,1
21.20632051707623,Medium,Clear,Van,3.1251965882622263,Morning,0
6.43227431323273,Medium,Cloudy,Van,29.755034164487327,Morning,0
33.8823724147999,Medium,Cloudy,Bike,16.459585518366044,Afternoon,0
40.090374389569234,High,Clear,Van,29.552949447029274,Morning,1
28.5922051138418,High,Cloudy,Bike,28.200394451536337,Afternoon,1
83.21627589688907,High,Rainy,Van,13.858004569222045,Morning,1
36.96182601597175,Medium,Clear,Van,6.355486700857798,Morning,0
29.531581949363314,Medium,Clear,Van,5.364100908671584,Morning,0
55.18421614950835,Medium,Cloudy,Bike,7.579686234163747,Morning,0
15.810574047526739,Low,Clear,Van,21.44891289665385,Afternoon,0
80.61530411389589,Low,Clear,Bike,8.552024844578892,Evening,1
9.305963080617541,Medium,Clear,Bike,10.5720454533268,Morning,0
98.7149197868507,Low,Clear,Van,13.738974717841137,Afternoon,0
77.67998739107243,Low,Cloudy,Van,27.440364072432963,Afternoon,0
21.474136790348897,Low,Cloudy,Bike,6.08710582760296,Morning,0
2.541167478113035,Low,Clear,Bike,0.6482833019891918,Evening,0
81.91521998857375,Low,Rainy,Truck,2.272844106156019,Morning,1
71.27201969706648,High,Rainy,Bike,27.190607079563478,Afternoon,1
73.44270246801676,Medium,Rainy,Truck,19.60173571287921,Evening,1
77.58449397522268,Medium,Clear,Truck,8.554698270170299,Afternoon,1
9.256375869940856,Medium,Clear,Truck,5.727178779830138,Morning,0
37.129641397338716,Low,Rainy,Van,9.180868730794874,Evening,1
13.355167833462712,High,Cloudy,Van,3.886509353912763,Afternoon,0
86.58413573580816,High,Clear,Bike,28.275220853391012,Afternoon,1
63.08321642910067,Low,Clear,Truck,23.634082143775373,Afternoon,0
34.428006435559624,Medium,Clear,Van,14.140539718919952,Morning,0
8.228718328030316,High,Rainy,Van,26.016396850898456,Evening,1
32.4762675281349,High,Cloudy,Van,7.859017026650353,Morning,0
33.86796555862121,Medium,Clear,Van,21.655056769929708,Morning,0
73.50140547713028,Medium,Clear,Van,25.75590872090543,Morning,1
64.48063219281089,Low,Cloudy,Truck,11.024676992886542,Evening,1
88.94684877248,High,Rainy,Truck,22.84520114079617,Morning,1
48.27706266587103,Low,Clear,Truck,9.204634303297127,Morning,0
13.720236101953567,High,Cloudy,Truck,9.316285490141409,Morning,1
71.89798914785351,Medium,Rainy,Bike,3.658186767348489,Morning,1
76.55693476445595,Medium,Clear,Truck,13.481712372027262,Afternoon,1
57.00516536181063,Medium,Cloudy,Van,22.026501241673955,Morning,0
77.55478363554698,Low,Clear,Truck,28.236513764352907,Afternoon,1
50.39196844371029,Low,Cloudy,Bike,18.312011261908335,Morning,0
53.22781727943542,Low,Cloudy,Van,25.9624983632043,Evening,1
43.89901979913786,Low,Cloudy,Truck,24.763592154061698,Afternoon,0
4.491074420921328,High,Cloudy,Truck,5.613620062770785,Afternoon,0
12.573359845343836,Medium,Clear,Truck,14.831614152922628,Afternoon,0
5.080060197299956,Low,Rainy,Van,3.9492442979990487,Afternoon,0
64.36822030385048,High,Cloudy,Van,20.62351826606823,Evening,1
32.806886145480014,High,Clear,Bike,28.522040213259242,Morning,1
51.83992773414087,High,Cloudy,Van,4.544139013323317,Afternoon,1
90.94151444475712,High,Cloudy,Van,22.149552358674967,Evening,1
26.430638456589744,Low,Clear,Truck,19.1510254506019,Afternoon,0
42.217526457491715,Medium,Rainy,Van,17.716348591738942,Morning,1
76.04401157721877,High,Rainy,Truck,12.008546923306007,Afternoon,1
24.422220218179,Medium,Clear,Truck,10.976383608737471,Evening,1
9.544031163221714,Low,Rainy,Van,1.8348510760571919,Morning,1
30.395642385549266,High,Clear,Bike,6.928306893434398,Evening,1
17.799686150892434,Low,Clear,Bike,0.9477180274613934,Morning,0
93.11036992957216,Low,Clear,Van,17.651804614669604,Morning,0
81.19579719731286,Medium,Rainy,Bike,3.622670458398311,Morning,1
64.0735681380215,Medium,Cloudy,Truck,26.254072123876625,Afternoon,1
87.40313783839633,Medium,Clear,Truck,15.932719110566374,Evening,1
80.75986353611322,Low,Clear,Van,21.1408523172319,Evening,1
20.28386577083151,High,Cloudy,Bike,12.620284209294645,Evening,1
89.47078185201782,Low,Clear,Bike,17.037104365530936,Morning,0
54.85553970773377,Low,Rainy,Truck,28.3084457205156,Afternoon,1
81.12913520607813,High,Rainy,Van,2.9406541688982877,Morning,1
89.81694739250234,High,Cloudy,Bike,7.991164271749037,Evening,1
33.16434054724266,High,Rainy,Van,23.50965564386106,Afternoon,1
12.785088603712323,High,Clear,Bike,3.4127476030386426,Afternoon,1
24.337645929110284,Medium,Rainy,Truck,2.7320025651712703,Afternoon,1
43.85656328537312,Medium,Cloudy,Truck,11.165471263244138,Evening,0
82.16544706040432,Low,Cloudy,Van,3.218954774936753,Afternoon,0
86.35159715912165,Medium,Clear,Truck,17.75981404508299,Afternoon,1
2.681308792056689,Medium,Rainy,Bike,7.175119899089695,Morning,1
52.053235652601444,Low,Clear,Truck,26.923089914381485,Morning,0
42.90627830858034,Medium,Clear,Van,23.613252384935073,Afternoon,0
23.766565426131564,Medium,Clear,Van,21.141303579934547,Afternoon,1
13.746805998700914,Low,Cloudy,Van,18.699848807842805,Morning,0
35.08628679755554,Low,Cloudy,Bike,25.97223904507317,Morning,0
94.40515098342688,Medium,Cloudy,Bike,7.080330815511328,Morning,0
33.673887338034014,Low,Rainy,Bike,26.256710861544715,Evening,1
52.841480930849876,High,Clear,Bike,23.790022803509544,Evening,1
70.89585797172742,Medium,Cloudy,Bike,22.570744378436725,Morning,1
37.63570103317081,Medium,Clear,Truck,17.05704250321026,Afternoon,0
97.23464410665414,Medium,Rainy,Bike,7.7642027486327025,Morning,1
96.3198349043269,High,Rainy,Bike,12.994663521760941,Evening,1
26.674664990885688,Medium,Cloudy,Truck,23.910334308894647,Afternoon,0
50.730353577453776,Medium,Cloudy,Bike,1.437465288541071,Evening,0
31.48607436204343,Medium,Clear,Van,23.57049769328087,Afternoon,1
29.914368448991826,Low,Clear,Bike,7.582086844383212,Evening,0
5.6149208407442135,High,Rainy,Bike,4.757121421287289,Afternoon,1
61.73730473002989,High,Clear,Van,3.9131888863189137,Afternoon,1
51.26254427642843,Medium,Clear,Van,1.3038753525490459,Afternoon,0
7.044917622498956,High,Clear,Van,15.945801314032861,Afternoon,1
29.30735349518792,High,Rainy,Van,6.93866624446502,Evening,1
91.01005682473206,Medium,Clear,Bike,29.68823709049913,Evening,1
25.4770652853633,High,Clear,Van,17.44588429823007,Afternoon,1
16.199697464939863,Medium,Cloudy,Van,4.567615446002307,Afternoon,0
49.96637050720118,Medium,Rainy,Truck,20.81849495393528,Evening,1
98.59374450283887,Medium,Clear,Van,26.9834352120369,Afternoon,1
25.72141660812704,High,Clear,Van,22.482795113403625,Afternoon,1
67.8692836457761,Low,Clear,Truck,2.7549759006637062,Afternoon,1
76.63872230221432,High,Clear,Truck,26.92858334518346,Morning,1
25.288479311255166,High,Clear,Bike,23.92091688286896,Afternoon,1
73.36520216396224,Low,Cloudy,Truck,5.169965053115623,Morning,1
38.04274700648681,High,Cloudy,Bike,2.0276837176180975,Afternoon,1
63.96597139817079,Low,Cloudy,Truck,16.9406619717721,Evening,1
64.08591165456768,Medium,Clear,Truck,5.103056434529319,Morning,1
54.50591903932633,Medium,Rainy,Bike,25.120433101560526,Morning,1
10.848397465332013,Low,Clear,Truck,11.070872371814376,Afternoon,0
83.85964456774532,High,Rainy,Bike,27.430327119728975,Afternoon,1
33.43644636723011,High,Cloudy,Truck,17.18780107815967,Morning,1
20.278814019185713,Medium,Clear,Van,5.88883533507021,Evening,0
5.995963872366864,Low,Cloudy,Truck,4.618166587114103,Evening,0
59.9075084324477,Low,Clear,Bike,17.50593690795374,Afternoon,0
68.40130746054368,Medium,Cloudy,Truck,22.975566549942094,Evening,1
3.6256072349299027,High,Clear,Bike,23.554416608394373,Evening,1
52.185119713329534,Medium,Clear,Bike,8.634843431017797,Afternoon,0
24.19658596939792,Low,Rainy,Van,6.525279387908941,Evening,0
65.22693346012608,Medium,Clear,Van,0.9943109825252812,Afternoon,1
19.08791004248916,Medium,Rainy,Bike,20.536374960434497,Morning,1
69.71189833404166,High,Clear,Truck,2.7587636237893998,Afternoon,1
39.900063937452664,Low,Cloudy,Bike,12.912455452094811,Morning,0
93.79953889619998,High,Cloudy,Bike,18.249623838539733,Morning,1
15.47705252630734,Medium,Cloudy,Truck,28.14471387513047,Evening,1
35.424502402925334,High,Clear,Truck,9.698163040195174,Evening,1
13.12040508157773,Medium,Clear,Truck,7.868278792172334,Evening,1
92.61997459129915,Medium,Clear,Truck,19.797724551439902,Afternoon,0
87.97925663133614,High,Clear,Bike,18.767551445580658,Evening,1
27.27827951608525,Low,Cloudy,Bike,10.297238607589675,Morning,0
66.67843651134955,High,Rainy,Van,27.8790041475387,Evening,1
82.08777561971915,Medium,Rainy,Bike,25.423438660944164,Evening,1
56.409679536747305,Low,Cloudy,Truck,7.107485103019894,Afternoon,0
53.905756678888636,Medium,Cloudy,Van,7.554705090318434,Afternoon,0
25.701524508244265,Medium,Cloudy,Truck,15.612860233168877,Morning,0
11.124071244978122,Low,Clear,Bike,23.32037700105625,Afternoon,0
89.92714427942602,Medium,Rainy,Van,1.7991911919596995,Evening,1
90.24096960200639,Medium,Cloudy,Truck,20.953387035173847,Afternoon,1
64.04394281278026,Medium,Cloudy,Van,19.622958972771862,Morning,0
35.224919522772666,Low,Clear,Van,7.328662829433153,Evening,0
36.22253831204077,High,Clear,Bike,20.59991389061979,Morning,1
73.14365652928346,High,Clear,Truck,28.23540414193644,Afternoon,1
89.91680547535256,High,Rainy,Van,1.8801824266671714,Afternoon,1
88.9344695779815,Medium,Cloudy,Van,9.929735631115845,Morning,1
78.42780349404714,Low,Clear,Truck,13.426213141657481,Evening,0
64.9191013231202,High,Rainy,Van,27.028180588278342,Afternoon,1
10.245716569514785,Low,Clear,Van,28.886712674970124,Afternoon,0
17.83961398127215,Low,Clear,Van,13.601399771641802,Evening,0
90.05831047565377,Medium,Clear,Truck,22.62583815819464,Afternoon,1
61.430047846639816,Medium,Cloudy,Truck,16.18400020105225,Morning,0
2.9013110584297053,High,Rainy,Truck,16.364596574870607,Afternoon,1
11.944211200871147,Medium,Clear,Truck,8.703935694457515,Afternoon,0
67.02317337258947,Medium,Rainy,Bike,6.900209252984446,Evening,1
2.4960352169294313,Low,Clear,Van,8.996157704759213,Morning,0
17.75918903891487,High,Rainy,Truck,16.91167621408384,Evening,1
55.77591135792544,Medium,Cloudy,Van,1.3600779876516254,Afternoon,0
69.80572937388393,Medium,Rainy,Van,27.263843858513972,Afternoon,1
65.89220343125484,Low,Clear,Bike,5.110369431718398,Evening,1
23.97839232713486,High,Rainy,Truck,6.992615967705904,Evening,1
71.79356369205851,Medium,Cloudy,Truck,15.789147205205568,Evening,1
25.250410574686406,Low,Clear,Van,21.44838560694974,Morning,0
33.889170419608234,Low,Rainy,Truck,3.3240071149597203,Afternoon,0
75.15615770156637,Medium,Clear,Van,9.871993577641284,Evening,1
65.66402410662704,Medium,Rainy,Van,29.075900864443536,Afternoon,1
85.22389422842944,Low,Clear,Bike,8.239117520037897,Morning,0
66.44606344543365,High,Cloudy,Bike,9.734979279362832,Morning,1
57.694243126876216,Low,Cloudy,Bike,25.176705473231987,Morning,0
11.180127247153063,Medium,Clear,Van,1.9813257348684299,Morning,0
38.03614869982449,High,Clear,Truck,14.20608847986464,Afternoon,0
27.989832032809094,Medium,Clear,Bike,11.698694551324273,Morning,0
25.910985051150192,Medium,Clear,Truck,9.83930941730521,Morning,0
97.35503436573967,Medium,Clear,Bike,8.928138024320553,Evening,1
40.52357701734252,Low,Cloudy,Bike,3.1955360933820716,Morning,0
89.4205624073571,High,Clear,Van,9.78736196587364,Evening,1
63.85158534773176,Medium,Clear,Bike,1.7700458801122227,Morning,1
79.89150774708155,High,Cloudy,Bike,23.53843397751084,Morning,1
51.258435124308825,Low,Clear,Van,12.247719921761345,Evening,0
58.53658069338319,Low,Rainy,Truck,13.595163053437393,Morning,1
50.26673399424866,Low,Rainy,Bike,26.86104030027888,Afternoon,1
21.13381280420836,Medium,Cloudy,Van,19.91262202390601,Afternoon,0
72.80030729562752,Medium,Cloudy,Bike,0.7377435485925338,Morning,0
29.51569151920387,High,Rainy,Van,28.323657277357906,Afternoon,1
4.382964710282476,Medium,Clear,Truck,7.495761746342481,Evening,1
65.25628499890244,High,Clear,Truck,3.674618450415836,Morning,1
19.356846581890796,Low,Clear,Van,23.159781262236024,Morning,0
94.1649412665856,High,Cloudy,Van,15.264080818068186,Evening,1
95.48500054625356,High,Clear,Van,13.296231697531518,Evening,1
91.65671024160396,High,Cloudy,Truck,7.860340850640882,Evening,1
38.27555262503355,High,Rainy,Bike,16.6504089509384,Morning,1
3.514748419829008,High,Rainy,Truck,8.59434585347633,Evening,1
92.9752191335971,Medium,Cloudy,Van,27.096698655968495,Evening,1
43.9620465350968,Low,Clear,Van,6.848532152129187,Afternoon,0
96.73217226627962,Low,Rainy,Truck,26.588476938444728,Afternoon,1
96.43475775474678,High,Cloudy,Van,17.00246005895703,Morning,1
85.59492663580129,Medium,Clear,Truck,24.940399949909608,Afternoon,1
30.855991422819397,High,Clear,Van,21.52895687789817,Afternoon,1
39.73957740298867,Medium,Rainy,Bike,21.05250578738408,Evening,1
85.41139380865198,Low,Cloudy,Bike,10.068201327004143,Evening,1
33.05835650531521,Low,Rainy,Van,7.399959478430002,Afternoon,1
18.610289175237064,Medium,Rainy,Truck,6.72114371658325,Afternoon,1
56.56652372091831,Medium,Cloudy,Bike,25.787153883257865,Afternoon,1
93.74316786775654,Low,Cloudy,Truck,24.70259119764109,Morning,0
70.21092007414735,Medium,Clear,Van,13.496919076363065,Morning,1
57.865994668757764,Low,Clear,Truck,4.4059360981454105,Morning,0
11.523296389535316,Medium,Clear,Bike,11.776441433335021,Afternoon,0
62.270708216518635,Low,Cloudy,Truck,18.770631897038886,Afternoon,1
99.0252773102178,High,Cloudy,Truck,13.904893057158608,Morning,1
15.728233493179355,Medium,Rainy,Van,23.51558342024835,Morning,1
52.7963059316462,Medium,Clear,Van,29.92987325641587,Afternoon,0
87.98256104893963,Low,Cloudy,Van,6.138396609242457,Evening,1
74.59532453991204,Low,Cloudy,Bike,14.059699179957388,Morning,0
70.30754261753626,Medium,Cloudy,Bike,13.21402510666425,Afternoon,1
70.8434402307367,Medium,Cloudy,Van,9.48252971609405,Afternoon,1
37.23013281953601,Medium,Clear,Van,6.343817743248542,Evening,0
30.77200073792035,Low,Cloudy,Bike,2.4379174364449474,Afternoon,0
81.31739323689433,Medium,Clear,Bike,26.670019858099103,Afternoon,1
81.39111267855971,High,Clear,Bike,12.885536581746369,Morning,1
86.97308722085016,High,Clear,Bike,15.158417795751442,Morning,1
91.49757415053419,Low,Cloudy,Van,27.549790421927018,Evening,1
52.1115550883719,Medium,Rainy,Bike,23.40056908672046,Evening,1
51.14859687934556,Low,Cloudy,Van,4.349787291456934,Afternoon,0
80.23292753874397,Low,Cloudy,Truck,17.1798890444284,Morning,0
65.69646521622099,High,Cloudy,Truck,13.546442157326993,Evening,1
70.79275397125492,Low,Cloudy,Bike,24.0177266410735,Evening,1
79.9876816047379,Medium,Clear,Truck,21.864860154552503,Evening,1
89.2205234981215,Medium,Clear,Truck,20.86696879637662,Afternoon,1
35.12352537145051,Medium,Clear,Truck,10.546072646656958,Morning,0
38.80712935871451,Medium,Clear,Bike,24.24643004677801,Evening,1
11.210230104405163,Low,Clear,Bike,2.045543220048406,Morning,0
58.67145381762505,Medium,Clear,Truck,5.208934592248934,Evening,0
5.522342832080724,Medium,Clear,Van,10.400886552848396,Evening,0
47.6286057769811,Low,Rainy,Truck,2.7658195115437976,Morning,0
55.17917420134251,Medium,Clear,Bike,7.432331187273402,Morning,0
30.08104270857187,Low,Clear,Bike,24.989453998438584,Morning,0
59.90165953576305,Low,Clear,Bike,28.47342036480734,Afternoon,0
4.989024494026844,Medium,Cloudy,Truck,9.48576949533862,Evening,0
5.660122497423012,Low,Clear,Van,8.303216217670727,Afternoon,0
82.61485494464651,Medium,Clear,Bike,8.756833241269593,Morning,0
37.29868285830376,Medium,Cloudy,Bike,8.692713076849893,Evening,0
14.451930239884708,High,Clear,Truck,1.5599403744862033,Afternoon,0
53.17983948537083,Low,Clear,Van,27.844032216767687,Evening,0
77.45936820366386,Low,Clear,Truck,6.8040951763246875,Afternoon,0
23.150460694690633,Low,Clear,Bike,12.890120185401447,Morning,0
63.043266630262025,Medium,Clear,Van,0.7857630408585483,Afternoon,0
10.364051569389265,Medium,Clear,Van,25.809675181994187,Evening,1
7.0648086745235545,Low,Rainy,Bike,22.06914166142006,Evening,1
54.0727538936785,High,Cloudy,Van,28.429303037624244,Evening,1
54.98224191779044,Low,Cloudy,Van,23.55765663629377,Evening,0
64.46813034682424,Medium,Clear,Truck,9.754342105535924,Morning,0
73.15695070482083,Medium,Rainy,Bike,7.812264082488498,Afternoon,1
97.6335037873284,High,Clear,Bike,21.082631072822142,Morning,1
52.59743413351714,Medium,Clear,Bike,11.241326862809734,Morning,0
33.649734348242106,High,Cloudy,Bike,17.203342964702188,Morning,1
79.92824708733296,Medium,Clear,Bike,0.6845953952808718,Evening,1
28.541560623683274,High,Clear,Van,2.3256281995740196,Evening,1
45.019199229152335,Low,Cloudy,Truck,16.29335426485871,Evening,0
9.688725371542063,High,Rainy,Bike,17.19911357022087,Afternoon,1
4.484372854714836,Medium,Clear,Truck,22.667861861550637,Evening,1
96.33954463843665,High,Cloudy,Truck,4.392976928906871,Afternoon,1
83.92605181019617,Medium,Rainy,Van,15.638900970824974,Evening,1
70.2054721971824,Medium,Clear,Bike,6.2362055107348136,Evening,1
42.07738855259845,Medium,Clear,Van,3.2492855270994934,Morning,0
18.982843366942888,Medium,Clear,Bike,12.60962592478636,Morning,0
17.33083018176643,Low,Clear,Van,5.318431118627188,Morning,0
26.523804020130342,Low,Clear,Truck,7.0425683566733985,Afternoon,0
55.824213141199806,Low,Rainy,Bike,9.867860106150301,Afternoon,0
72.03040042460611,Low,Cloudy,Truck,8.151957821924288,Evening,0
66.69934291833766,High,Cloudy,Truck,3.083943273475419,Afternoon,1
29.4335219007024,Low,Clear,Van,3.1525292233612174,Evening,0
95.57679750499302,High,Rainy,Bike,6.200857749407961,Afternoon,1
74.31389783618532,Medium,Rainy,Truck,1.9914960448063992,Afternoon,1
56.32669714611727,Low,Rainy,Van,18.98048208046935,Afternoon,0
61.94863313096652,High,Clear,Bike,8.976138137012608,Morning,1
43.12080611792341,Medium,Cloudy,Bike,8.752506049187595,Afternoon,0
26.27763697111343,Medium,Clear,Truck,10.293949680014073,Morning,0
36.88532250782364,Medium,Clear,Bike,20.05249008918679,Morning,1
76.26891882550818,Medium,Clear,Truck,26.18369950376297,Afternoon,1
3.410561885716075,Low,Cloudy,Bike,22.893064510391333,Evening,0
13.37511876967779,High,Cloudy,Van,21.962112291640302,Evening,1
6.508258918131769,High,Clear,Truck,14.789539975225054,Evening,1
5.991422627259073,Medium,Clear,Truck,20.967263930538646,Afternoon,0
85.83513723307871,Low,Clear,Bike,16.8064898569907,Evening,1
70.95847021924232,Medium,Clear,Bike,6.879390581502602,Morning,1
48.469035250557866,Low,Clear,Truck,6.653356848360996,Evening,0
11.587747743798145,Low,Clear,Bike,9.243564202820862,Afternoon,0
50.17835576144957,Low,Cloudy,Van,27.36867879360949,Evening,1
48.400233536495435,Medium,Clear,Bike,16.648737791201913,Morning,0
18.973783251181487,High,Clear,Van,22.150208621555148,Afternoon,1
44.51746162532136,Medium,Clear,Van,10.723483414588154,Evening,1
41.053463970942595,Medium,Rainy,Van,12.527615234624145,Afternoon,1
62.35330960911721,Medium,Cloudy,Van,4.204184569798915,Afternoon,0
64.23917778502909,Medium,Cloudy,Van,5.553201255739276,Afternoon,1
6.439792957660362,Medium,Clear,Bike,24.907018367371293,Evening,1
38.71203623339418,High,Cloudy,Van,17.75273963482202,Afternoon,1
63.33427173999517,Low,Clear,Bike,10.457207743572658,Evening,1
51.30735334084859,High,Cloudy,Van,24.184110665368607,Morning,1
85.93600443645558,Medium,Rainy,Truck,7.772337216320498,Evening,1
66.55197589865661,Medium,Cloudy,Van,29.29296460870601,Morning,1
17.96757385398011,Medium,Rainy,Truck,10.672119428512008,Evening,1
8.915737245242124,Medium,Cloudy,Van,10.450673147461213,Afternoon,0
64.95708926421892,High,Clear,Van,9.701401213332804,Evening,1
4.598108433078938,High,Rainy,Van,4.102289719766494,Afternoon,1
59.4060069647994,Medium,Clear,Truck,3.778545846294366,Morning,0
94.14256365964584,Low,Cloudy,Truck,19.61909851875664,Evening,1
58.39646943183614,Medium,Clear,Van,26.315982314462385,Afternoon,0
40.04065276823915,High,Clear,Bike,23.820355053014367,Morning,1
65.0422454073506,Low,Clear,Van,4.662674023629857,Morning,0
46.90878326816863,Medium,Clear,Truck,16.59467259286596,Evening,0
55.470445352961626,Medium,Clear,Van,3.61495060631088,Morning,0
94.26355126009946,Medium,Cloudy,Truck,1.8361919865857845,Afternoon,1
39.838058504475875,Low,Clear,Truck,19.863382851850634,Morning,0
96.1966752547436,Medium,Clear,Truck,16.286993843570336,Morning,0
90.72436291169424,High,Cloudy,Van,2.91969871373839,Afternoon,1
21.18753120935105,Low,Clear,Truck,1.530707768976659,Morning,0
8.797407485766215,Low,Cloudy,Truck,29.697814195575372,Morning,0
11.876244134987811,High,Cloudy,Van,1.3856292983976204,Morning,1
3.7857389138518736,Low,Rainy,Truck,13.61358346497971,Morning,0
11.255410154080982,High,Cloudy,Van,15.38626122592702,Afternoon,1
68.93466379480297,Medium,Clear,Truck,3.959764360113129,Morning,1
8.97648754910244,Low,Cloudy,Bike,5.48732246397163,Afternoon,0
33.25961176878861,High,Clear,Bike,10.878247689105399,Morning,1
84.79778047500655,Medium,Clear,Truck,22.969438348303047,Morning,1
4.280649702110935,Medium,Cloudy,Bike,15.458931509777868,Morning,0
81.81791129371571,Medium,Clear,Van,19.318105299312364,Morning,0
29.621767927793194,Medium,Cloudy,Bike,29.562649375174907,Afternoon,1
13.580153106922314,Low,Rainy,Truck,23.156160341739685,Afternoon,1
70.28024220568676,Medium,Rainy,Truck,13.313664195165922,Afternoon,1
63.63639898442863,High,Rainy,Van,13.670036692998188,Evening,1
87.9922573256512,Low,Clear,Truck,18.753776272709647,Morning,1
74.0369622927808,Medium,Clear,Van,20.128273648357677,Morning,1
80.74113117771516,Medium,Cloudy,Bike,15.270972312181804,Afternoon,0
29.639388111988037,High,Clear,Bike,19.523406073041908,Evening,1
19.389075290412837,Low,Cloudy,Van,1.1942085852159137,Morning,0
75.56024566080411,High,Cloudy,Van,13.173874484956901,Afternoon,1
81.06980444819187,Medium,Cloudy,Truck,8.728673244167565,Morning,1
99.06950391606598,Low,Clear,Bike,4.310646134671757,Morning,1
42.4365323373198,Low,Clear,Van,3.4366221278588664,Afternoon,0
38.45777240769275,Low,Clear,Bike,18.29416888563269,Afternoon,0
78.08847015271569,Medium,Clear,Van,15.946216141002045,Morning,1
35.39874694479575,Medium,Rainy,Bike,7.980731451392891,Morning,0
93.21421790914934,High,Clear,Truck,14.393026733789178,Afternoon,1
86.12444968061516,Medium,Clear,Bike,15.020853297881045,Morning,0
44.0414146827518,Low,Clear,Bike,6.252764922939166,Morning,0
75.58536464356675,Medium,Cloudy,Bike,19.736745325508693,Afternoon,1
75.94520166029886,Medium,Cloudy,Bike,23.53712101338967,Morning,1
12.106139145921397,Low,Clear,Bike,23.84817445624081,Morning,0
90.45018485459754,Low,Clear,Truck,18.272860005751923,Evening,0
51.51473249989,Low,Clear,Van,15.593338184310914,Afternoon,0
82.99283167855867,Medium,Clear,Bike,2.2997107186591492,Evening,1
33.36486090099995,Medium,Cloudy,Truck,8.991023316122373,Evening,0
89.76127639262765,Medium,Cloudy,Bike,3.251507679956012,Evening,1
40.14176451594798,High,Clear,Bike,28.932783245914973,Morning,1
3.0620898450692393,High,Clear,Van,4.484864313659941,Morning,0
90.72743368908783,Medium,Rainy,Bike,4.977374590607511,Evening,1
10.946094325041088,High,Clear,Truck,26.742510240749517,Evening,1
33.29273648386066,Low,Cloudy,Truck,28.345884362555505,Evening,0
95.10607277097888,Low,Clear,Van,23.09195665742984,Morning,1
95.1595003998805,Low,Clear,Bike,0.6594452483437612,Evening,1
58.19691303608204,Low,Clear,Truck,0.5397149932186291,Evening,0
63.92004679264033,Medium,Cloudy,Bike,11.653972708729798,Afternoon,1
45.94766115387534,High,Rainy,Bike,4.7301634153213294,Afternoon,1
30.734655626410323,Low,Clear,Bike,1.04239119347212,Morning,0
34.20912544625176,Low,Clear,Van,14.189967337432888,Afternoon,0
67.90680869554977,Medium,Clear,Bike,28.32032597350566,Afternoon,1
75.73270388489264,High,Clear,Truck,10.052677459621727,Afternoon,1
79.57474628513316,Medium,Clear,Bike,20.003650013646546,Morning,1
79.38257799386628,Medium,Clear,Truck,19.740942917407,Afternoon,1
10.938198098771656,Low,Cloudy,Bike,7.906863058122449,Morning,0
50.45318986085299,Low,Clear,Truck,19.687544840303996,Evening,0
7.64075848163114,High,Clear,Truck,6.763852241463292,Afternoon,1
55.853830467726084,High,Rainy,Bike,4.099218700518227,Morning,1
45.26998913459095,Low,Clear,Bike,21.190806924010857,Afternoon,0
88.99500991031337,High,Rainy,Truck,3.8465041045655437,Evening,1
36.38967123010371,Medium,Clear,Van,29.90882194838598,Morning,0
13.472567609905374,High,Rainy,Bike,5.911845833931765,Morning,1
16.013184841177914,Medium,Cloudy,Van,18.027184951315498,Morning,0
76.62804190831228,Medium,Rainy,Bike,12.635549856671387,Evening,1
62.58537020499358,Medium,Rainy,Bike,4.22839946096718,Evening,1
11.910022260033443,Medium,Clear,Bike,1.3213952735336951,Evening,1
10.242466999269748,Low,Rainy,Bike,18.870602327638583,Morning,1
70.69497488299376,Low,Clear,Van,24.29934813177922,Evening,1
9.130774623690966,Medium,Clear,Bike,25.339462014448948,Afternoon,0
82.54228581045491,Medium,Clear,Truck,14.740047455769567,Evening,1
71.21173826133663,Low,Cloudy,Truck,23.434936281880375,Morning,1
9.972180502906177,Medium,Clear,Van,20.34899043791207,Afternoon,0
10.314095980348808,High,Cloudy,Bike,21.86550856122443,Evening,1
98.69067869311519,Low,Cloudy,Truck,15.031670654043516,Afternoon,0
38.67853798409979,Medium,Cloudy,Van,19.18564633714275,Afternoon,0
38.32293041255531,Medium,Rainy,Bike,24.26301445049368,Morning,1
81.65435759123525,High,Clear,Truck,12.23758317893218,Afternoon,1
94.83036058361816,Low,Clear,Truck,24.27637757559372,Afternoon,1
98.62810425464134,Medium,Clear,Van,17.964496862277354,Morning,0
75.83106215537627,High,Clear,Bike,5.3940802189381944,Morning,1
38.873439382029744,High,Clear,Bike,1.228182638125246,Morning,0
10.18307023646954,Medium,Clear,Truck,11.201231211774985,Afternoon,0
78.1603977608888,Medium,Clear,Truck,16.627541684742024,Afternoon,1
56.723616474108894,Medium,Rainy,Truck,25.274700390002906,Afternoon,1
43.57375690620368,High,Cloudy,Bike,4.260827564137262,Morning,0
90.82272973928413,Medium,Clear,Van,24.106087256665585,Evening,1
12.897353266002831,Low,Cloudy,Van,25.958766858983196,Afternoon,0
50.277260220504196,High,Clear,Bike,4.945280866524596,Evening,1
3.112657187207069,Medium,Clear,Van,25.62203241947446,Morning,0
47.92874291542437,Medium,Cloudy,Truck,29.747880251362364,Afternoon,0
7.51772101682006,Low,Clear,Van,21.941745515923007,Evening,0
13.644155794271049,Medium,Clear,Van,23.650705613837143,Afternoon,1
13.517572184156279,Medium,Rainy,Van,29.835250392986765,Afternoon,1
65.62260960737423,Medium,Rainy,Truck,18.36169689051539,Afternoon,1
75.11239816801148,Low,Cloudy,Bike,9.582648269479357,Evening,0
59.170138979521646,Medium,Cloudy,Truck,25.207159605243643,Morning,0
96.2929097505051,High,Cloudy,Bike,18.627330436593123,Afternoon,1
38.737316793323,Low,Clear,Bike,17.64526499976822,Morning,0
29.99978445562235,High,Clear,Bike,7.982248887664129,Morning,1
87.12271456256711,Medium,Clear,Van,22.811860952695156,Evening,1
23.91239217490636,High,Clear,Van,2.9091846378728397,Evening,1
96.3958088651799,High,Cloudy,Bike,27.766468588442507,Morning,1
3.1911385196020015,Medium,Clear,Bike,10.1117920927293,Afternoon,0
97.04812501734862,Medium,Rainy,Van,4.2693522573047185,Evening,1
6.229671371156459,High,Rainy,Truck,13.549812726521354,Afternoon,1
89.33202514241097,Medium,Cloudy,Bike,1.752862323067728,Afternoon,1
53.714708690457385,Medium,Cloudy,Truck,20.696472730816506,Afternoon,1
99.31055001969143,Medium,Rainy,Van,27.129812558138006,Morning,1
9.232063344069088,High,Clear,Bike,25.199258710586008,Afternoon,1
56.27771987132944,High,Cloudy,Truck,4.257399466712492,Morning,0
96.9916484906717,High,Clear,Truck,4.2249985446780896,Morning,1
53.263588728674584,Medium,Cloudy,Truck,24.49631722856579,Afternoon,0
63.68106653725573,High,Clear,Van,27.76550110079192,Afternoon,1
70.18337152049249,Low,Rainy,Van,14.08975998008793,Afternoon,1
46.54502434724178,Medium,Rainy,Truck,15.219647948956096,Afternoon,0
63.50069184823822,Low,Clear,Truck,9.888730220878914,Morning,0
59.262802568463826,Medium,Clear,Van,26.880820988564214,Afternoon,0
90.31348502811692,Medium,Rainy,Truck,19.5246357061245,Afternoon,1
6.4537452734628715,Medium,Clear,Truck,9.00342152643737,Morning,0
29.53439258003857,Medium,Rainy,Van,9.314094696100423,Evening,1
95.14032543950276,Medium,Cloudy,Truck,26.79040215537627,Evening,1
89.2458508213098,Medium,Clear,Truck,0.9022037052217333,Morning,0
46.65436177299987,Low,Clear,Truck,10.020433895435833,Evening,0
62.7729945845506,Medium,Clear,Van,16.853522095882887,Morning,0
29.183355932151002,Low,Cloudy,Truck,4.872415131930077,Afternoon,0
20.43587365292861,Low,Clear,Van,3.216913248887899,Afternoon,0
47.44244368411825,Medium,Cloudy,Van,24.55065176717152,Evening,1
36.62851834655318,Medium,Clear,Bike,26.884929465130963,Afternoon,1
59.19829896138546,Medium,Cloudy,Bike,24.79638941354659,Evening,0
9.617994422568515,Medium,Rainy,Truck,27.014242747251757,Evening,1
97.49069115128431,Medium,Rainy,Van,16.81680314622196,Afternoon,1
98.64865295900108,High,Clear,Bike,24.461614569215087,Afternoon,1
70.41984797393502,Medium,Rainy,Truck,11.829257832537463,Evening,1
54.5374439017238,Medium,Cloudy,Bike,20.154901913631637,Afternoon,0
32.33370639606012,Low,Cloudy,Bike,29.67064817598035,Morning,0
81.75191193128097,Medium,Rainy,Van,7.158967853254259,Afternoon,1
69.10365491028017,Medium,Clear,Van,12.002042515586878,Afternoon,1
17.936460055799348,Medium,Clear,Bike,14.661397630647526,Morning,0
91.27086408039656,Medium,Rainy,Bike,4.571456867091526,Afternoon,1
82.60864980647057,Medium,Clear,Van,2.890639008719175,Afternoon,0
95.08039150260855,Medium,Rainy,Truck,24.97682455648792,Evening,1
73.12051182205927,High,Rainy,Van,29.31543399841379,Afternoon,1
62.11468920170741,High,Clear,Bike,12.43938938297493,Afternoon,1
42.98781755648065,Medium,Rainy,Truck,3.0856701677422715,Morning,1
93.4073913686933,High,Clear,Bike,2.441446940372006,Evening,1
86.87426117104002,Low,Cloudy,Truck,26.79388708762881,Evening,1
6.431429670406562,Low,Cloudy,Bike,14.182520366966559,Evening,0
4.583963500730697,Low,Rainy,Truck,9.940805838590562,Afternoon,0
38.89340995404886,Medium,Clear,Truck,14.555607501562285,Evening,0
81.43422641661962,High,Clear,Bike,9.889970793424245,Morning,1
98.75306067286456,Low,Cloudy,Truck,14.92655537157479,Evening,1
16.740855328145763,High,Cloudy,Van,25.856913709079137,Morning,1
60.224810104509245,Low,Cloudy,Bike,17.972890446331824,Evening,1
39.32730394984011,High,Clear,Van,20.992286297900172,Evening,1
97.05161098583112,Medium,Clear,Bike,11.25778494891293,Morning,0
84.52765446729946,Low,Clear,Truck,22.285923416060303,Evening,1
84.1562130616915,Medium,Rainy,Truck,20.165204003941483,Evening,1
47.93192965990709,Low,Clear,Truck,4.027078933685665,Evening,0
42.65231122909119,Low,Clear,Bike,17.392964166909746,Afternoon,0
28.79389304920921,Medium,Rainy,Van,8.07393314113786,Morning,1
7.524798671790857,High,Clear,Van,24.22082225419099,Evening,1
86.74279287299521,Medium,Rainy,Bike,13.065162399774714,Morning,1
81.6642988947476,Medium,Cloudy,Bike,29.84318287329637,Morning,1
99.9723319820408,Medium,Rainy,Van,3.228762919199432,Morning,1
99.67041003324273,Medium,Clear,Van,23.520261950834676,Evening,1
56.43230714905749,Low,Clear,Van,20.374201139493614,Evening,0
77.36076668769003,Medium,Cloudy,Van,23.141215502425812,Morning,1
94.58704152847794,Low,Rainy,Bike,9.572128966968462,Afternoon,1
85.26544428638633,Low,Cloudy,Bike,15.015607436780817,Morning,0
26.24011397083337,Medium,Clear,Truck,23.997001331849397,Afternoon,0
46.15332526038917,Low,Cloudy,Van,7.359969282815222,Morning,0
14.657622684846508,Medium,Cloudy,Truck,7.167979305265236,Morning,0
95.4970006713548,Medium,Cloudy,Bike,16.756003122200504,Morning,0
61.405114176186245,Low,Cloudy,Bike,15.945125596130746,Evening,1
24.406994939339345,Medium,Rainy,Truck,8.82674287718152,Afternoon,1
67.82666707177395,Low,Cloudy,Van,9.293231690482271,Afternoon,0
62.57656756487379,High,Clear,Van,8.696432314593682,Morning,1
37.09994636721837,Medium,Clear,Van,23.259605828955387,Evening,1
13.128644035563644,High,Clear,Van,19.73107553409259,Evening,1
67.81417316809436,Medium,Clear,Truck,25.056306910602455,Afternoon,1
52.99015468857174,Low,Clear,Truck,29.276454335263644,Evening,0
77.68720239009265,Medium,Clear,Bike,14.487846740023599,Afternoon,0
52.976023108975355,High,Clear,Van,2.467469501460741,Afternoon,0
85.51378703121694,Medium,Clear,Van,1.9187231571550454,Afternoon,1
56.086870199899586,High,Rainy,Van,9.222118658512764,Evening,1
56.971921210467855,High,Rainy,Truck,28.010065385897303,Afternoon,1
87.9120530605178,Low,Clear,Van,15.93478512164081,Afternoon,1
41.54132088881491,Low,Rainy,Truck,8.517702224363811,Morning,0
15.133492388162791,Medium,Cloudy,Van,12.275420438075077,Afternoon,0
4.82070227870722,Medium,Clear,Van,18.15855566843779,Afternoon,0
76.00345105601467,High,Clear,Bike,19.762014915066345,Morning,1
62.79033603263954,High,Cloudy,Van,5.040625538595698,Morning,1
70.9998172737239,Medium,Cloudy,Van,29.322434458082693,Evening,1
22.87048782787325,Low,Cloudy,Bike,16.57078069599227,Afternoon,0
15.364404607503436,High,Clear,Truck,4.502805374872239,Evening,1
3.4253772354524292,Low,Clear,Truck,26.862239973710945,Evening,0
36.357580763046506,High,Clear,Van,2.70183371684315,Morning,1
59.81193331175404,Medium,Clear,Truck,27.278195278736625,Evening,1
40.439916419773766,Medium,Clear,Van,29.898686860524982,Afternoon,1
44.87254235832545,Low,Clear,Bike,21.162738075116863,Morning,0
90.60755206038735,Medium,Rainy,Bike,23.2281930216827,Afternoon,1
36.12903576828344,Medium,Rainy,Van,10.450433675790848,Afternoon,1
52.37096993766146,Medium,Clear,Bike,28.276517155651046,Morning,0
78.79799524863202,Low,Rainy,Bike,16.126562000196845,Afternoon,1
40.861192667484474,Medium,Clear,Van,22.105459174627867,Morning,1
62.9644966223316,High,Clear,Van,27.761177619382746,Afternoon,1
86.51164345718102,Low,Clear,Bike,29.267809291277494,Morning,1
95.05302111844892,Low,Cloudy,Truck,25.079528519601894,Evening,1
16.413201131045717,Low,Rainy,Truck,9.439016455969885,Afternoon,0
92.80558726582645,Medium,Cloudy,Van,29.01315173828643,Morning,1
50.22739672179474,Medium,Clear,Van,19.02952617168537,Afternoon,0
27.30795005329792,Medium,Cloudy,Truck,27.953953052382815,Afternoon,1
46.99530411134961,Low,Clear,Bike,20.44509826152338,Afternoon,0
98.04319237797675,Medium,Rainy,Truck,9.563549374507755,Morning,1
50.27657321130122,Medium,Cloudy,Truck,11.415723462213071,Evening,1
34.21765780817581,Medium,Clear,Truck,16.738917424536744,Evening,1
64.07328372303913,High,Cloudy,Truck,23.80543782601652,Evening,1
25.53427064026292,Low,Cloudy,Van,9.88048526453988,Morning,0
9.434606154649064,Medium,Clear,Van,17.602069400958666,Evening,0
14.630212747243624,Medium,Cloudy,Bike,10.695937310503846,Morning,0
14.5484922178617,Medium,Clear,Bike,24.565197436735662,Afternoon,0
16.886463964204847,Medium,Cloudy,Bike,14.268478766154537,Afternoon,0
15.605062919642194,Medium,Rainy,Bike,2.7633233921601144,Evening,1
64.80572499071502,High,Rainy,Truck,5.398549383705323,Morning,1
19.824248271116193,Low,Cloudy,Van,2.3025876947791524,Afternoon,0
35.87539376573859,Low,Cloudy,Van,15.229436907422594,Morning,0
89.88526417078916,Medium,Clear,Bike,3.6369502717727014,Morning,1
48.44824074576149,Medium,Cloudy,Bike,3.867129094634147,Afternoon,0
67.42065837506067,Low,Clear,Truck,28.260923671132122,Morning,0
18.887347377759724,Low,Clear,Truck,26.243324629193634,Afternoon,0
20.844323843249736,Low,Clear,Bike,13.836554605935296,Afternoon,0
6.005124394114929,High,Clear,Van,29.58125696508107,Afternoon,1
18.555636181072124,Low,Cloudy,Van,0.5055025810345619,Morning,0
29.301853225131946,Medium,Clear,Van,18.612393960065116,Afternoon,0
19.347027459121186,Low,Cloudy,Bike,18.684631232470167,Morning,0
10.69284830819145,Medium,Clear,Van,13.994570148161703,Afternoon,0
13.822315367858879,Low,Clear,Truck,12.209965201561639,Afternoon,0
47.156319267207124,Medium,Cloudy,Truck,13.933802496677924,Evening,1
22.220704403767666,Low,Clear,Bike,12.741332864350573,Evening,0
37.698446382711396,High,Clear,Truck,22.049528085727832,Evening,1
51.33489254377597,Low,Cloudy,Bike,4.49298533171188,Morning,0
69.65869320567779,Medium,Clear,Van,6.330357007438339,Morning,1
5.852589704427696,High,Rainy,Van,5.825287737576496,Afternoon,1
80.34221909308619,Medium,Clear,Van,8.242882261077304,Afternoon,0
63.534238170108964,Medium,Clear,Truck,15.995123354056707,Afternoon,0
10.012385130989447,Medium,Cloudy,Bike,3.7806580464774524,Afternoon,0
87.61070516246417,Medium,Clear,Van,26.11099421213187,Morning,1
92.24549525211769,Medium,Clear,Bike,9.272165173599934,Afternoon,1
7.985640065776647,High,Clear,Van,5.294870630326882,Afternoon,1
29.134009518425966,Medium,Clear,Truck,20.430828633148177,Evening,0
81.00772541972,Medium,Rainy,Truck,1.6235458676799186,Afternoon,1
75.32944965759852,Medium,Clear,Bike,18.789072663787845,Afternoon,1
20.08305989692498,Medium,Cloudy,Truck,21.096853704956743,Afternoon,0
22.51623368699761,Low,Rainy,Truck,6.840037675908215,Morning,0
38.306266073555435,Medium,Clear,Bike,1.7379401665872114,Evening,1
49.48325254872009,High,Rainy,Van,11.227538088123763,Afternoon,1
62.588967609969,Low,Clear,Truck,3.4085297921371263,Afternoon,1
38.1535366778377,Medium,Rainy,Bike,3.9360965653634437,Evening,1
47.328402181048496,Low,Clear,Truck,8.000706327623504,Afternoon,0
75.25215193710814,Medium,Cloudy,Truck,9.216303776489399,Morning,1
5.594953883278594,Low,Clear,Truck,16.134125060131908,Afternoon,0
26.738820545714034,Medium,Clear,Truck,20.512560622338885,Morning,0
71.90825941668614,High,Cloudy,Bike,17.986742755670452,Morning,1
89.73027009334554,Medium,Cloudy,Bike,4.876629950040746,Afternoon,1
52.14438932733528,Medium,Clear,Bike,5.57653795735248,Evening,0
54.14712155600093,High,Clear,Truck,26.423692868890978,Morning,1
12.502857111298052,High,Cloudy,Truck,16.97139329439135,Evening,1
45.84641194869855,Low,Cloudy,Truck,26.163166070481825,Afternoon,0
54.19649211259227,Medium,Rainy,Bike,11.460622083936293,Morning,0
25.762109356203506,Low,Cloudy,Truck,18.624800219224053,Afternoon,0
28.385836633039336,High,Rainy,Van,15.948070773611017,Evening,1
38.97384798425302,High,Cloudy,Truck,9.914142949703646,Afternoon,1
3.966977382217184,Medium,Clear,Van,14.362503474991062,Afternoon,0
33.56375822715147,High,Clear,Truck,15.323480866394496,Morning,0
22.721904685661375,Medium,Cloudy,Bike,6.422743755322019,Afternoon,0
34.09474051343564,Medium,Cloudy,Truck,9.792805985113581,Afternoon,0
13.73668891828662,Low,Clear,Van,23.84658763995578,Afternoon,0
89.27167351250971,High,Clear,Van,27.51575306389675,Morning,1
60.17206044829677,Low,Rainy,Truck,11.113925759586333,Evening,1
68.55202727615998,High,Cloudy,Van,9.555682325166035,Evening,1
79.33878138351915,High,Clear,Van,6.2583163548705345,Afternoon,1
50.847335495047616,Medium,Clear,Bike,20.515489475192147,Morning,1
10.518188232567521,Low,Clear,Truck,10.03144119915695,Afternoon,0
54.63644109821768,Medium,Clear,Truck,29.63861140342606,Evening,1
59.510429566046156,Low,Clear,Truck,10.10770166088662,Morning,0
75.05306847006433,Medium,Clear,Van,12.127013380087531,Evening,1
44.30263553050858,Low,Cloudy,Truck,18.298358788255026,Evening,0
14.502869673965249,High,Clear,Truck,24.149686649143497,Morning,1
29.810038768275,Medium,Rainy,Bike,14.350800627696193,Morning,1
37.58206504706624,Medium,Rainy,Bike,12.968352996774271,Afternoon,1
65.29988965049692,Medium,Clear,Bike,29.871316091046843,Afternoon,1
57.93627385755337,Medium,Cloudy,Van,0.809562413628361,Evening,1
36.89747913798893,Medium,Clear,Truck,26.904426021111753,Morning,0
98.67849438171201,Medium,Rainy,Bike,4.899654365222254,Morning,1
61.36593229697494,High,Clear,Bike,23.684795648162947,Afternoon,1
25.248225590127458,Medium,Cloudy,Bike,18.72898101546579,Evening,0
11.974682316799566,High,Cloudy,Truck,10.584494922193716,Evening,1
16.980195640064537,High,Clear,Truck,26.279311187870043,Afternoon,1
26.1038573816818,Low,Clear,Truck,0.8807632254392632,Morning,0
17.746774579436455,High,Cloudy,Van,7.187374236210248,Afternoon,0
20.283568357027963,Low,Cloudy,Van,17.223337489361313,Afternoon,0
29.939326531997015,High,Clear,Bike,10.87049667146609,Afternoon,1
18.990612338885974,Medium,Cloudy,Truck,18.506136111890665,Afternoon,0
89.88301161338967,High,Clear,Bike,1.2112507055556714,Morning,1
9.862907074840937,High,Cloudy,Truck,3.935538449210519,Afternoon,0
53.402116177884956,High,Clear,Truck,4.249339086443958,Morning,1
42.21888904498683,High,Rainy,Truck,6.0838675545222785,Afternoon,1
98.27310445704343,Medium,Clear,Van,14.050277503616012,Evening,1
12.97981241246913,Low,Clear,Van,22.68779663653535,Morning,0
40.98984870648268,Medium,Clear,Truck,27.213395718902582,Evening,0
97.00810246098615,Low,Clear,Bike,25.14348964338526,Afternoon,0
86.81969833761006,Medium,Cloudy,Truck,6.308192217382665,Afternoon,1
82.07306295302944,Medium,Clear,Truck,13.513941290803656,Afternoon,1
27.274477050404105,High,Rainy,Bike,6.382642133876783,Morning,1
18.74698356422645,Medium,Clear,Truck,8.301918591682128,Evening,1
67.52703555259424,High,Clear,Bike,15.354635954600642,Morning,1
93.0788469345034,Low,Clear,Van,2.509216229343915,Morning,0
56.56276351536512,High,Clear,Van,6.936142723001559,Afternoon,0
58.01804356805019,High,Clear,Bike,28.093655758559958,Evening,1
29.43795117870785,Medium,Clear,Van,14.250430633425424,Afternoon,0
77.41030745280982,Medium,Clear,Van,13.63890251634723,Morning,1
20.33028735863729,High,Clear,Bike,0.9297310651627275,Afternoon,1
33.72056516761588,Low,Cloudy,Van,7.7982925382212,Evening,0
43.692770984408845,Medium,Cloudy,Truck,26.055626861474348,Afternoon,0
51.74581711107659,Medium,Clear,Truck,5.356538633630728,Evening,1
25.756153776677863,Low,Clear,Bike,12.746185716274272,Evening,0
13.254008824441947,Medium,Rainy,Van,0.922761723076537,Afternoon,1
61.84076415927999,Low,Cloudy,Truck,14.610896709281397,Morning,1
30.285794217545067,Low,Cloudy,Truck,1.120122648423406,Afternoon,0
58.961345699416,Low,Clear,Van,24.678481815441096,Morning,0
17.127546096871825,High,Cloudy,Van,24.833186140869557,Morning,1
49.151729981772114,Medium,Cloudy,Truck,23.73839455491991,Afternoon,0
54.193764390055414,High,Cloudy,Truck,8.859240032287987,Morning,1
7.078706608597837,Medium,Rainy,Bike,25.19849793754363,Morning,1
34.987219263004214,Medium,Clear,Bike,16.518444911855443,Afternoon,0
15.172638340019475,Medium,Clear,Truck,11.527339211576573,Afternoon,0
8.210747106331238,Medium,Cloudy,Bike,18.947233811274874,Afternoon,0
99.01610277421463,Low,Rainy,Truck,0.8640608587810332,Morning,1
33.590676807522854,Medium,Clear,Truck,4.717345889222188,Evening,0
81.36769569375421,Low,Clear,Bike,22.39765937602275,Morning,0
26.954784166848857,Medium,Clear,Bike,7.702767457126513,Evening,0
68.78726677794506,Medium,Clear,Van,18.141268961198115,Afternoon,1
76.50233026918929,Low,Cloudy,Van,11.860526783279376,Evening,0
60.372596579568736,Low,Cloudy,Van,25.71677047457821,Afternoon,1
48.21446647791552,High,Clear,Truck,28.596251526900986,Afternoon,1
42.36040958643232,Medium,Clear,Bike,26.565159486920617,Evening,0
36.18909012121354,Low,Clear,Truck,8.483289843461101,Afternoon,0
93.09385613628693,High,Clear,Bike,6.227804636859426,Evening,1
83.40070196319745,Low,Cloudy,Truck,14.495829361811682,Afternoon,0
96.57263724531823,Medium,Rainy,Van,0.7163574496673182,Morning,1
14.181127901583384,High,Rainy,Van,1.2613770894638612,Morning,1
73.62501256995714,Low,Clear,Van,16.8220738688785,Afternoon,1
93.9573647684617,Low,Rainy,Truck,15.853257422875936,Afternoon,1
19.760840484234695,Low,Cloudy,Bike,29.84016867654017,Evening,0
8.516634201944195,Medium,Cloudy,Bike,6.454334143230864,Morning,0
74.62982363042579,Low,Clear,Van,8.114065910233819,Evening,0
58.29836509163137,Medium,Clear,Van,3.8494489486254575,Afternoon,0
84.49922012231066,Low,Clear,Van,27.56751878478547,Afternoon,1
15.697692909376372,Medium,Clear,Van,23.445431711524297,Evening,1
79.93619656226925,High,Clear,Bike,24.759003787977,Afternoon,1
21.759477364678965,High,Clear,Truck,27.13153174495301,Morning,1
18.03828240083904,Medium,Clear,Truck,15.984549608412228,Evening,1
18.098048197237308,Medium,Cloudy,Truck,13.810199147796348,Morning,0
81.82832258267544,Medium,Clear,Truck,10.246548473135686,Morning,0
67.18932762822762,Medium,Clear,Van,17.881831123261737,Morning,0
53.26041162737369,Medium,Rainy,Van,13.901212705299764,Evening,1
37.165387444103246,Low,Rainy,Van,13.821184804864465,Afternoon,0
87.96565299968461,High,Cloudy,Truck,28.139371980068596,Morning,1
40.45962052741827,Medium,Rainy,Van,29.52892967123434,Morning,1
82.02674506821455,Low,Cloudy,Van,23.996289485222633,Morning,1
45.03522103988141,Medium,Rainy,Bike,22.824363662284384,Afternoon,1
38.94055408364094,Medium,Clear,Bike,20.57646577248349,Afternoon,0
47.34261899562143,High,Clear,Van,5.3992081438386545,Evening,1
31.535031668085924,Medium,Clear,Bike,2.2436217158318086,Afternoon,0
75.26571925727261,High,Clear,Bike,20.876426295841263,Evening,1
51.26659822906296,Low,Clear,Van,21.99919355656899,Evening,1
24.756844124388095,Medium,Cloudy,Van,1.885703237395124,Evening,1
90.15830818090771,Medium,Cloudy,Van,27.87752663175102,Evening,1
39.621339694574715,Low,Cloudy,Van,3.1886488636179875,Evening,0
55.26818038917088,Low,Clear,Truck,8.93406574625047,Morning,0
90.8342668745256,High,Rainy,Truck,20.335499477561783,Afternoon,1
63.17532359957123,Low,Cloudy,Van,5.511241534932052,Morning,0
13.456007989419678,Medium,Clear,Bike,2.134768709046211,Evening,0
94.10354811412056,Low,Cloudy,Van,10.268821430342419,Afternoon,0
63.51538920099895,Low,Clear,Van,23.096161458227783,Morning,1
34.82075023639444,Low,Clear,Bike,12.70352103006518,Morning,0
15.648663121011952,High,Rainy,Truck,19.76270119628421,Evening,1
79.814468548489,High,Clear,Van,17.59876336823003,Morning,1
62.76713008099433,High,Clear,Van,1.155445219754622,Morning,1
54.27918701367951,Medium,Rainy,Truck,29.661929617848347,Morning,1
89.60147313899385,Low,Cloudy,Truck,1.7221286201719388,Morning,0
79.28252670000401,Medium,Clear,Bike,29.050180760630308,Morning,1
16.864138213809618,Medium,Clear,Truck,16.720993261749747,Evening,0
32.54876264396373,High,Clear,Truck,28.913191298419463,Evening,1
26.35193570181764,Low,Cloudy,Truck,3.8852311827081456,Morning,0
74.90673667212235,Medium,Clear,Bike,14.96705131597264,Evening,1
5.28617860410638,Low,Clear,Truck,5.500370710048729,Evening,0
57.84918911738902,Medium,Rainy,Truck,2.0037588721620514,Afternoon,1
76.72095120258767,Medium,Cloudy,Bike,18.717108894338192,Morning,0
87.92303240265144,Medium,Clear,Truck,6.629610918369898,Evening,1
35.52401137415893,Medium,Cloudy,Truck,17.837062039482607,Evening,1
82.48321585785726,Medium,Cloudy,Bike,3.814752217495076,Morning,1
12.84191022161031,Medium,Clear,Van,10.293600907264732,Afternoon,0
84.95232458998278,High,Clear,Bike,23.55816046257079,Morning,1
14.493888908534277,High,Rainy,Truck,13.393019894344535,Afternoon,1
40.93415447491599,High,Clear,Truck,19.018489739471423,Morning,1
80.13494584639625,High,Cloudy,Truck,19.600009251993605,Morning,1
16.69190788017983,Medium,Clear,Bike,25.39077379762516,Morning,1
24.466636732798865,Medium,Clear,Truck,10.085222434995918,Morning,0
72.78075170252049,Medium,Clear,Truck,20.77521909618427,Afternoon,1
72.56358058151528,Low,Clear,Bike,28.86766630786189,Afternoon,1
64.83246802275914,High,Clear,Van,22.042178363557106,Evening,1
70.0069475577758,Low,Clear,Van,14.951179063173464,Morning,0
55.18699544806442,High,Rainy,Truck,19.10616461251191,Afternoon,1
26.67630777288137,Medium,Rainy,Bike,22.32064548401169,Afternoon,1
35.87820736338411,Medium,Cloudy,Truck,18.562135087969235,Afternoon,0
19.796576246539715,Medium,Rainy,Bike,0.991936497950255,Morning,1
91.02815501069557,High,Clear,Bike,6.245818181773163,Evening,1
59.17239588707981,Medium,Rainy,Van,24.40881240785625,Afternoon,1
41.28343884283671,Medium,Clear,Van,8.543194095718297,Morning,0
47.276568757125006,Low,Rainy,Bike,22.08108252705345,Afternoon,1
94.8337672819579,Medium,Rainy,Truck,11.477546349630112,Afternoon,1
17.02843750537586,Low,Cloudy,Van,15.895587680659323,Evening,0
59.45052353764613,Medium,Rainy,Truck,2.505212344672409,Afternoon,1
51.577090530677665,Medium,Cloudy,Van,5.846154050966431,Afternoon,0
61.92251507259549,Medium,Clear,Van,28.73731042381742,Morning,1
3.7747980144423696,Low,Clear,Truck,26.759072576683963,Morning,0
87.46814307652684,Low,Cloudy,Van,19.74211577152198,Evening,0
93.34759168339401,Medium,Clear,Van,14.059515622879253,Morning,1
57.38305199174248,Low,Cloudy,Truck,20.4349581404091,Morning,0
70.27178073993544,Low,Rainy,Van,18.7490035282712,Evening,1
92.40493935537498,Low,Clear,Van,17.272291540336056,Afternoon,1
71.30938616271307,High,Cloudy,Van,2.2457236199744837,Evening,1
16.948826205597612,Medium,Rainy,Truck,19.167677014514453,Morning,0
58.47625929634769,Medium,Rainy,Bike,23.18314131484947,Evening,1
61.45807454551988,Low,Rainy,Truck,29.82540881204448,Afternoon,1
43.56480578763383,Medium,Cloudy,Bike,0.8268173015321354,Evening,0
74.17153509122284,High,Rainy,Van,22.04011687266496,Morning,1
93.56796744736346,Medium,Cloudy,Bike,17.367784820111424,Morning,0
92.70571426486408,Low,Clear,Truck,13.304539194388223,Evening,1
46.18225839760495,Low,Clear,Truck,4.26332014985544,Afternoon,0
13.097328492394015,Low,Cloudy,Van,12.568011884728849,Evening,0
98.5144374983088,Medium,Clear,Bike,10.95412689809099,Afternoon,0
84.21201247170154,High,Cloudy,Van,9.433481724872895,Afternoon,1
14.216942757920151,Low,Cloudy,Van,22.060948888005125,Evening,1
92.24250449650249,Low,Clear,Truck,21.171402877885782,Afternoon,1
87.24984348208856,Low,Cloudy,Bike,17.876092683936893,Morning,1
52.84612959835507,High,Cloudy,Bike,28.19061199215448,Evening,1
59.94499270300307,Low,Clear,Bike,10.820704333335206,Afternoon,0
41.10226497927277,High,Clear,Bike,7.692157162450297,Morning,1
7.366640604559071,Medium,Clear,Van,19.849147736402788,Evening,0
34.84932968129829,Medium,Clear,Van,6.365014797653387,Morning,0
80.67963796260513,Low,Rainy,Truck,9.792809961911026,Morning,1
2.45393825445108,Low,Clear,Van,7.125771982209103,Morning,0
34.68291882573213,Medium,Cloudy,Van,2.5400302476957863,Afternoon,0
41.02053197191245,High,Clear,Truck,24.911212878252364,Evening,1
54.66476908791644,Medium,Clear,Truck,8.008946016189004,Evening,0
92.14585040845053,Medium,Rainy,Truck,14.454311348619111,Afternoon,1
35.9419074478642,Low,Cloudy,Van,1.7778005610022025,Evening,0
36.001413785830316,High,Clear,Van,21.130514254452972,Morning,1
74.27512231475534,High,Clear,Truck,10.251549568035578,Evening,1
46.3173582072011,Low,Clear,Truck,22.469733470961692,Afternoon,0
24.011272648118233,High,Clear,Truck,12.665890283802051,Morning,1
46.339072581003954,Medium,Cloudy,Van,6.2747903889659264,Afternoon,0
15.803987997220386,Medium,Clear,Van,15.63866492732006,Morning,0
19.285924677609884,Medium,Clear,Bike,4.349884509304474,Morning,0
50.84004172846902,High,Clear,Van,13.495905216253345,Evening,1
43.05469405144569,Medium,Rainy,Van,9.860511583904353,Morning,1
91.65489830467381,Low,Rainy,Van,27.40280773388918,Afternoon,1
37.514602113430044,Medium,Clear,Truck,2.2973972907612383,Evening,0
58.89765832724826,High,Cloudy,Van,20.97351371611939,Afternoon,1
63.961900216113975,Low,Clear,Truck,5.891159396629359,Morning,0
3.283256745656696,Medium,Clear,Bike,9.911829692801074,Afternoon,0
67.02666245763764,Medium,Cloudy,Bike,12.757664860330946,Afternoon,1
19.44752475323564,Medium,Rainy,Truck,27.28644513656174,Morning,1
96.18489111200661,Medium,Rainy,Truck,7.6560588491778425,Evening,1
16.56894731980507,High,Cloudy,Truck,3.1936096750677714,Afternoon,0
42.63316412524833,Low,Clear,Van,9.901343317720446,Morning,0
10.364267471707098,Low,Cloudy,Bike,3.587941130798234,Evening,0
99.69367668090284,Low,Clear,Truck,4.293596335836299,Evening,0
51.215111012461776,High,Cloudy,Van,17.428592640263286,Evening,1
60.34773169736429,Medium,Clear,Bike,2.296607026435053,Afternoon,1
8.573494784065893,Low,Cloudy,Van,1.4124610011101981,Afternoon,0
75.49612609911942,High,Clear,Bike,21.575215993379686,Afternoon,1
22.570748123367405,High,Clear,Van,11.168589297810813,Evening,1
90.00932036518995,High,Rainy,Bike,4.198572802399262,Afternoon,1
22.103684767236704,High,Clear,Bike,7.981576740361393,Morning,0
20.687396625039323,Low,Cloudy,Van,19.441551966895773,Afternoon,0
5.5818674491132985,High,Clear,Truck,8.62832873065511,Afternoon,0
48.26256062077993,Medium,Clear,Bike,15.088373191052034,Evening,0
57.35443105973641,High,Clear,Truck,4.0900115484368325,Afternoon,0
8.439446663978533,Medium,Clear,Van,17.848762309360687,Morning,0
78.00170643611104,High,Rainy,Truck,9.82429167337629,Evening,1
46.422305805306706,Medium,Clear,Truck,18.99556881859714,Morning,0
53.390246394102846,Low,Rainy,Truck,24.347649027968675,Evening,1
45.19474919994636,Medium,Cloudy,Truck,18.543569372004775,Evening,0
41.274779965781946,High,Clear,Truck,9.224553096553109,Afternoon,1
56.84475246820535,High,Cloudy,Bike,8.044439195674862,Morning,1
17.213544101209827,Low,Cloudy,Bike,10.158918282636716,Evening,0
19.82895678853657,Low,Cloudy,Bike,5.356305140476893,Afternoon,0
86.4549908593247,Low,Clear,Van,5.844569600075593,Evening,1
94.719315289096,Medium,Clear,Truck,23.825387506054952,Evening,1
38.584312995415786,High,Rainy,Bike,11.849611006969626,Evening,1
28.53297796806827,Low,Rainy,Van,13.361857826832281,Evening,1
65.11195523742354,Medium,Rainy,Bike,18.024459234220927,Evening,1
42.055948767613444,High,Clear,Bike,17.894778106970655,Evening,1
4.487862854713796,Medium,Cloudy,Truck,2.487617709896809,Afternoon,0
17.302954541886656,Medium,Clear,Van,25.030453196961133,Evening,0
72.16527842704495,Medium,Clear,Truck,5.731133320106213,Morning,1
66.57454630719484,Medium,Clear,Truck,21.83061326346523,Afternoon,1
4.655407265341382,Low,Cloudy,Bike,23.293794149780915,Morning,0
23.753271869429046,Medium,Clear,Truck,21.589536255693755,Evening,1
24.645330065630997,Medium,Clear,Van,17.579840573347283,Morning,0
67.84548887267539,High,Rainy,Truck,0.9309654147120443,Evening,1
3.931632699927687,Medium,Clear,Truck,11.131077024713536,Evening,0
12.202641034488236,High,Clear,Truck,18.342763166196143,Afternoon,1
80.39177636657256,Low,Clear,Bike,11.929813229714892,Afternoon,1
19.497376881324694,Medium,Rainy,Van,25.972656899927987,Evening,1
65.96911856948373,Low,Cloudy,Bike,9.609667122813653,Afternoon,0
25.3419125425792,Low,Clear,Bike,9.159276377530484,Morning,0
11.745256490415827,Medium,Rainy,Bike,8.346931946233411,Afternoon,1
25.8308747179465,High,Rainy,Bike,10.317035634343467,Afternoon,1
72.78215932185459,Low,Clear,Bike,16.94344644726852,Morning,0
85.85825387441601,Medium,Cloudy,Van,21.356951181041428,Afternoon,1
83.36154672756517,High,Cloudy,Truck,20.04575357329416,Evening,1
40.92398590260857,Low,Cloudy,Bike,24.32767568945365,Morning,0
67.47234338392333,Medium,Clear,Bike,26.634462867174033,Evening,1
22.088460950750456,Medium,Rainy,Van,24.574331749128863,Morning,1
30.7284775655793,Medium,Cloudy,Van,1.0588893995434598,Evening,0
89.84091021506974,Low,Clear,Truck,22.20957962978367,Evening,1
3.2741885040521312,Medium,Clear,Van,6.647787421740783,Afternoon,0
10.379836023737871,High,Clear,Truck,4.421377259885488,Evening,1
22.372853004310677,Medium,Clear,Bike,19.3354191515745,Afternoon,0
4.600155979634332,Low,Cloudy,Bike,9.932424264527,Morning,0
19.780672638800137,High,Clear,Truck,2.184956319428076,Evening,1
59.138072975029836,Low,Clear,Van,4.56007716475166,Evening,0
43.2996059580648,Medium,Cloudy,Truck,0.5274177976638514,Morning,0
89.48182768554354,Low,Clear,Van,27.145097006668866,Morning,1
82.10946905036721,High,Rainy,Bike,1.2262305233165383,Evening,1
35.49810046639185,Medium,Clear,Van,6.678945200530576,Morning,0
27.423496476266664,Medium,Clear,Truck,12.779752030293267,Afternoon,0
39.20985600039216,Low,Clear,Truck,11.018854115549162,Morning,0
59.84890436645116,Medium,Clear,Bike,27.395913368926884,Morning,1
28.270236800641875,High,Clear,Van,1.6885238991689924,Evening,1
63.16659296921513,High,Cloudy,Van,15.610333876473021,Afternoon,1
42.12234191474156,Medium,Rainy,Van,20.57414414446903,Morning,1
56.10062372349406,Medium,Clear,Bike,27.98509022359448,Afternoon,0
44.74039985526103,Medium,Cloudy,Van,18.80095193764977,Afternoon,0
30.857644435107932,High,Cloudy,Truck,24.210779462347,Afternoon,1
94.94842408229135,Medium,Rainy,Van,2.969885666437778,Evening,1
76.83336782765656,Medium,Clear,Bike,11.885215572639357,Morning,1
15.73109122511235,Medium,Clear,Van,11.53144046713249,Evening,0
87.10986163799545,Medium,Clear,Van,26.64550238544367,Morning,1
49.76825742845234,Low,Cloudy,Truck,4.965449552266611,Morning,0
89.66611823562096,Medium,Rainy,Van,4.980642083930593,Evening,1
80.38581508283688,Medium,Clear,Truck,10.192465421631054,Afternoon,1
43.670923437984875,High,Clear,Truck,2.1067483973217085,Afternoon,1
4.201992215371505,Low,Rainy,Bike,5.882512199248456,Morning,0
28.330381219724714,Medium,Rainy,Truck,28.973684337099186,Evening,1
55.080153036764955,Medium,Rainy,Truck,13.131426226081599,Afternoon,0
64.08086554296244,Medium,Cloudy,Bike,19.144566648461876,Afternoon,0
27.272993172453823,Low,Clear,Truck,21.92028215066679,Morning,0
15.656895259136764,Medium,Cloudy,Bike,11.325361506712413,Morning,0
83.82316320633132,Medium,Cloudy,Van,4.84319869511025,Evening,1
98.4714137089481,Medium,Clear,Bike,6.594139978542534,Morning,1
53.51763786566321,Medium,Cloudy,Truck,9.741361059128005,Afternoon,0
18.824570013133744,Medium,Cloudy,Bike,19.264018400390658,Afternoon,0
28.68611799889816,High,Clear,Truck,12.249276198127106,Afternoon,1
3.8022863016517396,Low,Cloudy,Van,0.7010335880537795,Afternoon,0
91.6012830429289,High,Cloudy,Bike,15.94051195949042,Evening,1
13.539606123233831,Medium,Rainy,Van,27.684645061268828,Evening,1
58.49861460039685,Low,Clear,Truck,24.45628952475603,Morning,0
28.85741162734619,Low,Clear,Truck,24.843735452159116,Morning,0
56.309444246547756,Medium,Cloudy,Van,23.95421151938087,Morning,1
65.8391980584827,High,Clear,Bike,10.050059355507498,Evening,1
83.31469676330576,Medium,Cloudy,Bike,23.073218095754562,Afternoon,1
22.229284632539116,High,Cloudy,Truck,4.723260055430194,Morning,0
3.0775912085310866,Medium,Clear,Van,19.902626344640627,Afternoon,0
15.414791746743113,Medium,Cloudy,Van,19.426272717207336,Morning,0
90.2018269011143,Low,Cloudy,Bike,1.2543090731471727,Morning,1
87.64122760112649,Medium,Clear,Bike,23.745118940932482,Morning,1
60.546484012690215,Medium,Rainy,Bike,27.14581910030635,Morning,1
60.85065232249803,Low,Rainy,Van,8.388750714927177,Morning,1
67.17359410553304,Low,Cloudy,Bike,24.465526363491453,Afternoon,1
19.18638530509806,Medium,Cloudy,Bike,2.930976169927472,Morning,0
91.61237070064605,Medium,Clear,Truck,18.19905181870145,Afternoon,0
43.039511439423165,High,Rainy,Bike,14.826582527361175,Evening,1
39.54757576845075,High,Cloudy,Bike,16.6047442326155,Morning,1
52.85393511771808,Medium,Cloudy,Van,27.82305345558818,Afternoon,1
6.602664743955394,Medium,Rainy,Van,26.203799793782178,Evening,1
18.295770138095783,Medium,Clear,Truck,23.659967888572833,Evening,1
74.3272944097843,High,Rainy,Bike,8.574104501511943,Evening,1
10.114269456662393,Low,Clear,Truck,27.398649546239703,Afternoon,0
61.10890672770604,Medium,Clear,Van,3.37647692768432,Morning,1
26.044212748769453,High,Clear,Truck,25.67321188848424,Morning,1
40.1509701761137,Medium,Rainy,Van,10.180722134431429,Afternoon,1
30.291986203528587,Medium,Rainy,Truck,2.0862831940285096,Morning,1
36.85592621356501,Medium,Cloudy,Truck,20.246031035102074,Afternoon,0
72.46649870805606,Low,Cloudy,Bike,7.322757885320685,Morning,0
31.117928131071153,Medium,Cloudy,Truck,7.685348213006642,Evening,0
57.50765474909593,Medium,Rainy,Bike,9.528391403748758,Morning,0
48.65293941551177,Low,Clear,Bike,2.3787006413242433,Afternoon,0
67.03977420553952,Low,Clear,Bike,5.725250753848494,Afternoon,0
93.80931445382629,High,Clear,Bike,0.651619013774029,Evening,1
73.79206552660453,Low,Cloudy,Truck,13.63958087262071,Afternoon,0
23.064157101894164,Medium,Cloudy,Van,2.985533633830153,Morning,0
5.055947236005898,Low,Clear,Van,20.638251848803872,Morning,0
27.701876341382857,High,Clear,Van,7.450874110153627,Evening,1
60.31763720862497,Low,Rainy,Truck,28.335437249037724,Afternoon,1
7.039729721456534,Medium,Clear,Bike,26.201923008260252,Evening,0
50.64389222572116,High,Cloudy,Van,9.038506401562143,Morning,0
60.49059919385514,High,Rainy,Truck,23.604855912372024,Evening,1
34.75590130006216,Low,Clear,Bike,24.195724687611783,Afternoon,0
77.54939596709055,High,Clear,Van,29.603611866375108,Evening,1
12.446628807109636,Medium,Cloudy,Bike,18.136279611947707,Afternoon,0
9.363502610109258,Medium,Rainy,Van,2.917989171988035,Afternoon,1
73.36249810795313,Low,Cloudy,Van,19.581698253328238,Morning,1
50.55814898820745,Low,Rainy,Van,18.93690257709304,Morning,0
69.46343484991813,Medium,Clear,Bike,19.331342033902736,Morning,0
44.61307918316713,Medium,Cloudy,Truck,9.56079661907424,Afternoon,0
26.14739925743247,Medium,Cloudy,Bike,25.86054775986982,Evening,1
82.27202713207157,Medium,Rainy,Van,28.804429397184652,Afternoon,1
80.34275613895997,High,Clear,Bike,6.92251913285547,Morning,1
70.08025414373382,Low,Rainy,Truck,3.1004886650310115,Morning,1
28.670223448536344,Medium,Cloudy,Bike,6.23878347847028,Evening,0
59.84260535317053,Low,Clear,Truck,24.706288108043704,Morning,0
37.375441900122624,High,Clear,Truck,20.461016727185502,Morning,1
10.975043186010147,Medium,Rainy,Bike,19.263396599004235,Morning,1
91.8967303952998,High,Clear,Van,12.352897485728022,Evening,1
15.408225830058218,Low,Clear,Truck,17.545925159587355,Afternoon,0
95.12326067443864,Low,Clear,Bike,9.582286695593838,Morning,0
45.70856574987966,Low,Rainy,Truck,14.577402342829858,Evening,0
